{
  "n_trials": 100,
  "n_docked": 100,
  "dock_rate": 1.0,
  "long_err_mm": {
    "p50": 5.159999999991172,
    "p99": 9.159999999990731,
    "max": 9.159999999990731
  },
  "lat_err_mm": {
    "p50": 0.7055726803091228,
    "p99": 2.923262618790398,
    "max": 3.0886194397476507
  },
  "elapsed_s": {
    "mean": 10.081999999999875,
    "p99": 10.099999999999874
  },
  "gates": {
    "long_p99_mm": 12.0,
    "lat_p99_mm": 4.0,
    "time_p99_s": 13.0
  }
}